Date,WeekNum,Status,AwayTeam,AwayTeamRecord,HomeTeam,HomeTeamRecord,Venue,Broadcast,SeasonType,WeekId,GameId,AwayTeamScore,HomeTeamScore,Overtime
"September 5, 2024",Week 1,Final,Baltimore Ravens,0-1,Kansas City Chiefs,1-0,"GEHA Field at Arrowhead Stadium, Kansas City, MO, USA",NBC/Peacock,2,1,401671789,20,27,false
"September 6, 2024",Week 1,Final,Green Bay Packers,0-1,Philadelphia Eagles,1-0,"Corinthians Arena, Sao Paulo, None, Brazil",Peacock,2,1,401671805,29,34,false
"September 8, 2024",Week 1,Final,Pittsburgh Steelers,1-0,Atlanta Falcons,0-1,"Mercedes-Benz Stadium, Atlanta, GA, USA",FOX,2,1,401671744,18,10,false
"September 8, 2024",Week 1,Final,Arizona Cardinals,0-1,Buffalo Bills,1-0,"Highmark Stadium, Orchard Park, NY, USA",CBS,2,1,401671617,28,34,false
"September 8, 2024",Week 1,Final,Tennessee Titans,0-1,Chicago Bears,1-0,"Soldier Field, Chicago, IL, USA",FOX,2,1,401671719,17,24,false
"September 8, 2024",Week 1,Final,New England Patriots,1-0,Cincinnati Bengals,0-1,"Paycor Stadium, Cincinnati, OH, USA",CBS,2,1,401671628,16,10,false
"September 8, 2024",Week 1,Final,Houston Texans,1-0,Indianapolis Colts,0-1,"Lucas Oil Stadium, Indianapolis, IN, USA",CBS,2,1,401671861,29,27,false
"September 8, 2024",Week 1,Final,Jacksonville Jaguars,0-1,Miami Dolphins,1-0,"Hard Rock Stadium, Miami Gardens, FL, USA",CBS,2,1,401671849,17,20,false
"September 8, 2024",Week 1,Final,Carolina Panthers,0-1,New Orleans Saints,1-0,"Caesars Superdome, New Orleans, LA, USA",FOX,2,1,401671734,10,47,false
"September 8, 2024",Week 1,Final,Minnesota Vikings,1-0,New York Giants,0-1,"MetLife Stadium, East Rutherford, NJ, USA",FOX,2,1,401671712,28,6,false
"September 8, 2024",Week 1,Final,Las Vegas Raiders,0-1,Los Angeles Chargers,1-0,"SoFi Stadium, Inglewood, CA, USA",CBS,2,1,401671659,10,22,false
"September 8, 2024",Week 1,Final,Denver Broncos,0-1,Seattle Seahawks,1-0,"Lumen Field, Seattle, WA, USA",CBS,2,1,401671664,20,26,false
"September 8, 2024",Week 1,Final,Dallas Cowboys,1-0,Cleveland Browns,0-1,"Huntington Bank Field, Cleveland, OH, USA",FOX,2,1,401671761,33,17,false
"September 8, 2024",Week 1,Final,Washington Commanders,0-1,Tampa Bay Buccaneers,1-0,"Raymond James Stadium, Tampa, FL, USA",FOX,2,1,401671770,20,37,false
"September 8, 2024",Week 1,Final,Los Angeles Rams,0-1,Detroit Lions,1-0,"Ford Field, Detroit, MI, USA",NBC/Peacock,2,1,401671792,20,26,true
"September 9, 2024",Week 1,Final,New York Jets,0-1,San Francisco 49ers,1-0,"Levi's Stadium, Santa Clara, CA, USA",ESPN/ABC/ESPN+,2,1,401671696,19,32,false
"September 12, 2024",Week 2,Final,Buffalo Bills,2-0,Miami Dolphins,1-1,"Hard Rock Stadium, Miami Gardens, FL, USA",Prime Video,2,2,401671807,31,10,false
"September 15, 2024",Week 2,Final,New Orleans Saints,2-0,Dallas Cowboys,1-1,"AT&T Stadium, Arlington, TX, USA",FOX,2,2,401671709,44,19,false
"September 15, 2024",Week 2,Final,Tampa Bay Buccaneers,2-0,Detroit Lions,1-1,"Ford Field, Detroit, MI, USA",FOX,2,2,401671721,20,16,false
"September 15, 2024",Week 2,Final,Indianapolis Colts,0-2,Green Bay Packers,1-1,"Lambeau Field, Green Bay, WI, USA",FOX,2,2,401671723,10,16,false
"September 15, 2024",Week 2,Final,New York Jets,1-1,Tennessee Titans,0-2,"Nissan Stadium, Nashville, TN, USA",CBS,2,2,401671636,24,17,false
"September 15, 2024",Week 2,Final,San Francisco 49ers,1-1,Minnesota Vikings,2-0,"U.S. Bank Stadium, Minneapolis, MN, USA",CBS,2,2,401671645,17,23,false
"September 15, 2024",Week 2,Final,Seattle Seahawks,2-0,New England Patriots,1-1,"Gillette Stadium, Foxborough, MA, USA",FOX,2,2,401671702,23,20,true
"September 15, 2024",Week 2,Final,New York Giants,0-2,Washington Commanders,1-1,"Northwest Stadium, Landover, MD, USA",FOX,2,2,401671716,18,21,false
"September 15, 2024",Week 2,Final,Los Angeles Chargers,2-0,Carolina Panthers,0-2,"Bank of America Stadium, Charlotte, NC, USA",CBS,2,2,401671652,26,3,false
"September 15, 2024",Week 2,Final,Cleveland Browns,1-1,Jacksonville Jaguars,0-2,"EverBank Stadium, Jacksonville, FL, USA",CBS,2,2,401671635,18,13,false
"September 15, 2024",Week 2,Final,Las Vegas Raiders,1-1,Baltimore Ravens,0-2,"M&T Bank Stadium, Baltimore, MD, USA",CBS,2,2,401671624,26,23,false
"September 15, 2024",Week 2,Final,Los Angeles Rams,0-2,Arizona Cardinals,1-1,"State Farm Stadium, Glendale, AZ, USA",FOX,2,2,401671754,10,41,false
"September 15, 2024",Week 2,Final,Pittsburgh Steelers,2-0,Denver Broncos,0-2,"Empower Field at Mile High, Denver, CO, USA",CBS,2,2,401671668,13,6,false
"September 15, 2024",Week 2,Final,Cincinnati Bengals,0-2,Kansas City Chiefs,2-0,"GEHA Field at Arrowhead Stadium, Kansas City, MO, USA",CBS,2,2,401671670,25,26,false
"September 15, 2024",Week 2,Final,Chicago Bears,1-1,Houston Texans,2-0,"NRG Stadium, Houston, TX, USA",NBC/Peacock,2,2,401671786,13,19,false
"September 16, 2024",Week 2,Final,Atlanta Falcons,1-1,Philadelphia Eagles,1-1,"Lincoln Financial Field, Philadelphia, PA, USA",ESPN,2,2,401671691,22,21,false
"September 19, 2024",Week 3,Final,New England Patriots,1-2,New York Jets,2-1,"MetLife Stadium, East Rutherford, NJ, USA",Prime Video,2,3,401671808,3,24,false
"September 22, 2024",Week 3,Final,New York Giants,1-2,Cleveland Browns,1-2,"Huntington Bank Field, Cleveland, OH, USA",FOX,2,3,401671855,21,15,false
"September 22, 2024",Week 3,Final,Green Bay Packers,2-1,Tennessee Titans,0-3,"Nissan Stadium, Nashville, TN, USA",FOX,2,3,401671823,30,14,false
"September 22, 2024",Week 3,Final,Chicago Bears,1-2,Indianapolis Colts,1-2,"Lucas Oil Stadium, Indianapolis, IN, USA",CBS,2,3,401671865,16,21,false
"September 22, 2024",Week 3,Final,Houston Texans,2-1,Minnesota Vikings,3-0,"U.S. Bank Stadium, Minneapolis, MN, USA",CBS,2,3,401671646,7,34,false
"September 22, 2024",Week 3,Final,Philadelphia Eagles,2-1,New Orleans Saints,2-1,"Caesars Superdome, New Orleans, LA, USA",FOX,2,3,401671736,15,12,false
"September 22, 2024",Week 3,Final,Los Angeles Chargers,2-1,Pittsburgh Steelers,3-0,"Acrisure Stadium, Pittsburgh, PA, USA",CBS,2,3,401671632,10,20,false
"September 22, 2024",Week 3,Final,Denver Broncos,1-2,Tampa Bay Buccaneers,2-1,"Raymond James Stadium, Tampa, FL, USA",FOX,2,3,401671741,26,7,false
"September 22, 2024",Week 3,Final,Carolina Panthers,1-2,Las Vegas Raiders,1-2,"Allegiant Stadium, Las Vegas, NV, USA",CBS,2,3,401671658,36,22,false
"September 22, 2024",Week 3,Final,Miami Dolphins,1-2,Seattle Seahawks,3-0,"Lumen Field, Seattle, WA, USA",CBS,2,3,401671662,3,24,false
"September 22, 2024",Week 3,Final,Baltimore Ravens,1-2,Dallas Cowboys,1-2,"AT&T Stadium, Arlington, TX, USA",FOX,2,3,401671763,28,25,false
"September 22, 2024",Week 3,Final,San Francisco 49ers,1-2,Los Angeles Rams,1-2,"SoFi Stadium, Inglewood, CA, USA",FOX,2,3,401671772,24,27,false
"September 22, 2024",Week 3,Final,Detroit Lions,2-1,Arizona Cardinals,1-2,"State Farm Stadium, Glendale, AZ, USA",FOX,2,3,401671771,20,13,false
"September 22, 2024",Week 3,Final,Kansas City Chiefs,3-0,Atlanta Falcons,1-2,"Mercedes-Benz Stadium, Atlanta, GA, USA",NBC/Peacock,2,3,401671793,22,17,false
"September 23, 2024",Week 3,Final,Jacksonville Jaguars,0-3,Buffalo Bills,3-0,"Highmark Stadium, Orchard Park, NY, USA",ESPN,2,3,401671682,10,47,false
"September 23, 2024",Week 3,Final,Washington Commanders,2-1,Cincinnati Bengals,0-3,"Paycor Stadium, Cincinnati, OH, USA",ABC/ESPN+,2,3,401671490,38,33,false
"September 26, 2024",Week 4,Final,Dallas Cowboys,2-2,New York Giants,1-3,"MetLife Stadium, East Rutherford, NJ, USA",Prime Video,2,4,401671812,20,15,false
"September 29, 2024",Week 4,Final,New Orleans Saints,2-2,Atlanta Falcons,2-2,"Mercedes-Benz Stadium, Atlanta, GA, USA",FOX,2,4,401671727,24,26,false
"September 29, 2024",Week 4,Final,Los Angeles Rams,1-3,Chicago Bears,2-2,"Soldier Field, Chicago, IL, USA",FOX,2,4,401671871,18,24,false
"September 29, 2024",Week 4,Final,Minnesota Vikings,4-0,Green Bay Packers,2-2,"Lambeau Field, Green Bay, WI, USA",CBS,2,4,401671643,31,29,false
"September 29, 2024",Week 4,Final,Pittsburgh Steelers,3-1,Indianapolis Colts,2-2,"Lucas Oil Stadium, Indianapolis, IN, USA",CBS,2,4,401671867,24,27,false
"September 29, 2024",Week 4,Final,Denver Broncos,2-2,New York Jets,2-2,"MetLife Stadium, East Rutherford, NJ, USA",CBS,2,4,401671622,10,9,false
"September 29, 2024",Week 4,Final,Philadelphia Eagles,2-2,Tampa Bay Buccaneers,3-1,"Raymond James Stadium, Tampa, FL, USA",FOX,2,4,401671740,16,33,false
"September 29, 2024",Week 4,Final,Cincinnati Bengals,1-3,Carolina Panthers,1-3,"Bank of America Stadium, Charlotte, NC, USA",FOX,2,4,401671745,34,24,false
"September 29, 2024",Week 4,Final,Jacksonville Jaguars,0-4,Houston Texans,3-1,"NRG Stadium, Houston, TX, USA",CBS,2,4,401671857,20,24,false
"September 29, 2024",Week 4,Final,Washington Commanders,3-1,Arizona Cardinals,1-3,"State Farm Stadium, Glendale, AZ, USA",FOX,2,4,401671755,42,14,false
"September 29, 2024",Week 4,Final,New England Patriots,1-3,San Francisco 49ers,2-2,"Levi's Stadium, Santa Clara, CA, USA",FOX,2,4,401671758,13,30,false
"September 29, 2024",Week 4,Final,Cleveland Browns,1-3,Las Vegas Raiders,2-2,"Allegiant Stadium, Las Vegas, NV, USA",CBS,2,4,401671672,16,20,false
"September 29, 2024",Week 4,Final,Kansas City Chiefs,4-0,Los Angeles Chargers,2-2,"SoFi Stadium, Inglewood, CA, USA",CBS,2,4,401671674,17,10,false
"September 29, 2024",Week 4,Final,Buffalo Bills,3-1,Baltimore Ravens,2-2,"M&T Bank Stadium, Baltimore, MD, USA",NBC/Peacock,2,4,401671783,10,35,false
"September 30, 2024",Week 4,Final,Tennessee Titans,1-3,Miami Dolphins,1-3,"Hard Rock Stadium, Miami Gardens, FL, USA",ESPN,2,4,401671683,31,12,false
"September 30, 2024",Week 4,Final,Seattle Seahawks,3-1,Detroit Lions,3-1,"Ford Field, Detroit, MI, USA",ABC/ESPN+,2,4,401671491,29,42,false
"October 3, 2024",Week 5,Final,Tampa Bay Buccaneers,3-2,Atlanta Falcons,3-2,"Mercedes-Benz Stadium, Atlanta, GA, USA",Prime Video,2,5,401671815,30,36,true
"October 6, 2024",Week 5,Final,New York Jets,2-3,Minnesota Vikings,5-0,"Tottenham Hotspur Stadium, London, None, England",NFL Net,2,5,401671804,17,23,false
"October 6, 2024",Week 5,Final,Carolina Panthers,1-4,Chicago Bears,3-2,"Soldier Field, Chicago, IL, USA",FOX,2,5,401671872,10,36,false
"October 6, 2024",Week 5,Final,Baltimore Ravens,3-2,Cincinnati Bengals,1-4,"Paycor Stadium, Cincinnati, OH, USA",CBS,2,5,401671626,41,38,true
"October 6, 2024",Week 5,Final,Miami Dolphins,2-3,New England Patriots,1-4,"Gillette Stadium, Foxborough, MA, USA",FOX,2,5,401671700,15,10,false
"October 6, 2024",Week 5,Final,Cleveland Browns,1-4,Washington Commanders,4-1,"Northwest Stadium, Landover, MD, USA",FOX,2,5,401671718,13,34,false
"October 6, 2024",Week 5,Final,Indianapolis Colts,2-3,Jacksonville Jaguars,1-4,"EverBank Stadium, Jacksonville, FL, USA",CBS,2,5,401671633,34,37,false
"October 6, 2024",Week 5,Final,Buffalo Bills,3-2,Houston Texans,4-1,"NRG Stadium, Houston, TX, USA",CBS,2,5,401671859,20,23,false
"October 6, 2024",Week 5,Final,Las Vegas Raiders,2-3,Denver Broncos,3-2,"Empower Field at Mile High, Denver, CO, USA",FOX,2,5,401671747,18,34,false
"October 6, 2024",Week 5,Final,Arizona Cardinals,2-3,San Francisco 49ers,2-3,"Levi's Stadium, Santa Clara, CA, USA",FOX,2,5,401671756,24,23,false
"October 6, 2024",Week 5,Final,Green Bay Packers,3-2,Los Angeles Rams,1-4,"SoFi Stadium, Inglewood, CA, USA",CBS,2,5,401671679,24,19,false
"October 6, 2024",Week 5,Final,New York Giants,2-3,Seattle Seahawks,3-2,"Lumen Field, Seattle, WA, USA",CBS,2,5,401671680,29,20,false
"October 6, 2024",Week 5,Final,Dallas Cowboys,3-2,Pittsburgh Steelers,3-2,"Acrisure Stadium, Pittsburgh, PA, USA",NBC/Peacock,2,5,401671784,20,17,false
"October 7, 2024",Week 5,Final,New Orleans Saints,2-3,Kansas City Chiefs,5-0,"GEHA Field at Arrowhead Stadium, Kansas City, MO, USA",ESPN,2,5,401671687,13,26,false
"October 10, 2024",Week 6,Final,San Francisco 49ers,3-3,Seattle Seahawks,3-3,"Lumen Field, Seattle, WA, USA",Prime Video,2,6,401671819,36,24,false
"October 13, 2024",Week 6,Final,Jacksonville Jaguars,1-5,Chicago Bears,4-2,"Tottenham Hotspur Stadium, London, None, England",NFL Net,2,6,401671802,16,35,false
"October 13, 2024",Week 6,Final,Arizona Cardinals,2-4,Green Bay Packers,4-2,"Lambeau Field, Green Bay, WI, USA",FOX,2,6,401671722,13,34,false
"October 13, 2024",Week 6,Final,Indianapolis Colts,3-3,Tennessee Titans,1-4,"Nissan Stadium, Nashville, TN, USA",CBS,2,6,401671820,20,17,false
"October 13, 2024",Week 6,Final,Houston Texans,5-1,New England Patriots,1-5,"Gillette Stadium, Foxborough, MA, USA",CBS,2,6,401671619,41,21,false
"October 13, 2024",Week 6,Final,Tampa Bay Buccaneers,4-2,New Orleans Saints,2-4,"Caesars Superdome, New Orleans, LA, USA",FOX,2,6,401671735,51,27,false
"October 13, 2024",Week 6,Final,Cleveland Browns,1-5,Philadelphia Eagles,3-2,"Lincoln Financial Field, Philadelphia, PA, USA",FOX,2,6,401671714,16,20,false
"October 13, 2024",Week 6,Final,Washington Commanders,4-2,Baltimore Ravens,4-2,"M&T Bank Stadium, Baltimore, MD, USA",CBS,2,6,401671625,23,30,false
"October 13, 2024",Week 6,Final,Los Angeles Chargers,3-2,Denver Broncos,3-3,"Empower Field at Mile High, Denver, CO, USA",CBS,2,6,401671655,23,16,false
"October 13, 2024",Week 6,Final,Pittsburgh Steelers,4-2,Las Vegas Raiders,2-4,"Allegiant Stadium, Las Vegas, NV, USA",CBS,2,6,401671657,32,13,false
"October 13, 2024",Week 6,Final,Detroit Lions,4-1,Dallas Cowboys,3-3,"AT&T Stadium, Arlington, TX, USA",FOX,2,6,401671764,47,9,false
"October 13, 2024",Week 6,Final,Atlanta Falcons,4-2,Carolina Panthers,1-5,"Bank of America Stadium, Charlotte, NC, USA",FOX,2,6,401671769,38,20,false
"October 13, 2024",Week 6,Final,Cincinnati Bengals,2-4,New York Giants,2-4,"MetLife Stadium, East Rutherford, NJ, USA",NBC/Peacock,2,6,401671791,17,7,false
"October 14, 2024",Week 6,Final,Buffalo Bills,4-2,New York Jets,2-4,"MetLife Stadium, East Rutherford, NJ, USA",ESPN/ABC,2,6,401671684,23,20,false
"October 17, 2024",Week 7,Final,Denver Broncos,4-3,New Orleans Saints,2-5,"Caesars Superdome, New Orleans, LA, USA",Prime Video,2,7,401671816,33,10,false
"October 20, 2024",Week 7,Final,New England Patriots,1-6,Jacksonville Jaguars,2-5,"Wembley Stadium, London, None, England",NFL Net,2,7,401671801,16,32,false
"October 20, 2024",Week 7,Final,Seattle Seahawks,4-3,Atlanta Falcons,4-3,"Mercedes-Benz Stadium, Atlanta, GA, USA",FOX,2,7,401671730,34,14,false
"October 20, 2024",Week 7,Final,Tennessee Titans,1-5,Buffalo Bills,5-2,"Highmark Stadium, Orchard Park, NY, USA",CBS,2,7,401671616,10,34,false
"October 20, 2024",Week 7,Final,Cincinnati Bengals,3-4,Cleveland Browns,1-6,"Huntington Bank Field, Cleveland, OH, USA",CBS,2,7,401671853,21,14,false
"October 20, 2024",Week 7,Final,Houston Texans,5-2,Green Bay Packers,5-2,"Lambeau Field, Green Bay, WI, USA",CBS,2,7,401671644,22,24,false
"October 20, 2024",Week 7,Final,Miami Dolphins,2-4,Indianapolis Colts,4-3,"Lucas Oil Stadium, Indianapolis, IN, USA",FOX,2,7,401671864,10,16,false
"October 20, 2024",Week 7,Final,Detroit Lions,5-1,Minnesota Vikings,5-1,"U.S. Bank Stadium, Minneapolis, MN, USA",FOX,2,7,401671724,31,29,false
"October 20, 2024",Week 7,Final,Philadelphia Eagles,4-2,New York Giants,2-5,"MetLife Stadium, East Rutherford, NJ, USA",FOX,2,7,401671710,28,3,false
"October 20, 2024",Week 7,Final,Las Vegas Raiders,2-5,Los Angeles Rams,2-4,"SoFi Stadium, Inglewood, CA, USA",CBS,2,7,401671663,15,20,false
"October 20, 2024",Week 7,Final,Carolina Panthers,1-6,Washington Commanders,5-2,"Northwest Stadium, Landover, MD, USA",CBS,2,7,401671640,7,40,false
"October 20, 2024",Week 7,Final,Kansas City Chiefs,6-0,San Francisco 49ers,3-4,"Levi's Stadium, Santa Clara, CA, USA",FOX,2,7,401671777,28,18,false
"October 20, 2024",Week 7,Final,New York Jets,2-5,Pittsburgh Steelers,5-2,"Acrisure Stadium, Pittsburgh, PA, USA",NBC/Peacock,2,7,401671785,15,37,false
"October 21, 2024",Week 7,Final,Baltimore Ravens,5-2,Tampa Bay Buccaneers,4-3,"Raymond James Stadium, Tampa, FL, USA",ESPN/ABC/ESPN+,2,7,401671695,41,31,false
"October 21, 2024",Week 7,Final,Los Angeles Chargers,3-3,Arizona Cardinals,3-4,"State Farm Stadium, Glendale, AZ, USA",ESPN+,2,7,401671699,15,17,false
"October 24, 2024",Week 8,Final,Minnesota Vikings,5-2,Los Angeles Rams,3-4,"SoFi Stadium, Inglewood, CA, USA",Prime Video,2,8,401671817,20,30,false
"October 27, 2024",Week 8,Final,Philadelphia Eagles,5-2,Cincinnati Bengals,3-5,"Paycor Stadium, Cincinnati, OH, USA",CBS,2,8,401671667,37,17,false
"October 27, 2024",Week 8,Final,Baltimore Ravens,5-3,Cleveland Browns,2-6,"Huntington Bank Field, Cleveland, OH, USA",CBS,2,8,401671852,24,29,false
"October 27, 2024",Week 8,Final,Tennessee Titans,1-6,Detroit Lions,6-1,"Ford Field, Detroit, MI, USA",FOX,2,8,401671720,14,52,false
"October 27, 2024",Week 8,Final,Arizona Cardinals,4-4,Miami Dolphins,2-5,"Hard Rock Stadium, Miami Gardens, FL, USA",FOX,2,8,401671850,28,27,false
"October 27, 2024",Week 8,Final,New York Jets,2-6,New England Patriots,2-6,"Gillette Stadium, Foxborough, MA, USA",CBS,2,8,401671618,22,25,false
"October 27, 2024",Week 8,Final,Atlanta Falcons,5-3,Tampa Bay Buccaneers,4-4,"Raymond James Stadium, Tampa, FL, USA",FOX,2,8,401671739,31,26,false
"October 27, 2024",Week 8,Final,Green Bay Packers,6-2,Jacksonville Jaguars,2-6,"EverBank Stadium, Jacksonville, FL, USA",FOX,2,8,401671707,30,27,false
"October 27, 2024",Week 8,Final,Indianapolis Colts,4-4,Houston Texans,6-2,"NRG Stadium, Houston, TX, USA",CBS,2,8,401671856,20,23,false
"October 27, 2024",Week 8,Final,New Orleans Saints,2-6,Los Angeles Chargers,4-3,"SoFi Stadium, Inglewood, CA, USA",FOX,2,8,401671750,8,26,false
"October 27, 2024",Week 8,Final,Buffalo Bills,6-2,Seattle Seahawks,4-4,"Lumen Field, Seattle, WA, USA",FOX,2,8,401671760,31,10,false
"October 27, 2024",Week 8,Final,Carolina Panthers,1-7,Denver Broncos,5-3,"Empower Field at Mile High, Denver, CO, USA",CBS,2,8,401671600,14,28,false
"October 27, 2024",Week 8,Final,Kansas City Chiefs,7-0,Las Vegas Raiders,2-6,"Allegiant Stadium, Las Vegas, NV, USA",CBS,2,8,401671671,27,20,false
"October 27, 2024",Week 8,Final,Chicago Bears,4-3,Washington Commanders,6-2,"Northwest Stadium, Landover, MD, USA",CBS,2,8,401671599,15,18,false
"October 27, 2024",Week 8,Final,Dallas Cowboys,3-4,San Francisco 49ers,4-4,"Levi's Stadium, Santa Clara, CA, USA",NBC/Peacock,2,8,401671795,24,30,false
"October 28, 2024",Week 8,Final,New York Giants,2-6,Pittsburgh Steelers,6-2,"Acrisure Stadium, Pittsburgh, PA, USA",ESPN/ABC/ESPN+,2,8,401671685,18,26,false
"October 31, 2024",Week 9,Final,Houston Texans,6-3,New York Jets,3-6,"MetLife Stadium, East Rutherford, NJ, USA",Prime Video,2,9,401671809,13,21,false
"November 3, 2024",Week 9,Final,Dallas Cowboys,3-5,Atlanta Falcons,6-3,"Mercedes-Benz Stadium, Atlanta, GA, USA",FOX,2,9,401671728,21,27,false
"November 3, 2024",Week 9,Final,Miami Dolphins,2-6,Buffalo Bills,7-2,"Highmark Stadium, Orchard Park, NY, USA",CBS,2,9,401671493,27,30,false
"November 3, 2024",Week 9,Final,Las Vegas Raiders,2-7,Cincinnati Bengals,4-5,"Paycor Stadium, Cincinnati, OH, USA",FOX,2,9,401671704,24,41,false
"November 3, 2024",Week 9,Final,Los Angeles Chargers,5-3,Cleveland Browns,2-7,"Huntington Bank Field, Cleveland, OH, USA",CBS,2,9,401671629,27,10,false
"November 3, 2024",Week 9,Final,New England Patriots,2-7,Tennessee Titans,2-6,"Nissan Stadium, Nashville, TN, USA",FOX,2,9,401671822,17,20,true
"November 3, 2024",Week 9,Final,Washington Commanders,7-2,New York Giants,2-7,"MetLife Stadium, East Rutherford, NJ, USA",FOX,2,9,401671711,27,22,false
"November 3, 2024",Week 9,Final,New Orleans Saints,2-7,Carolina Panthers,2-7,"Bank of America Stadium, Charlotte, NC, USA",CBS,2,9,401671650,22,23,false
"November 3, 2024",Week 9,Final,Denver Broncos,5-4,Baltimore Ravens,6-3,"M&T Bank Stadium, Baltimore, MD, USA",CBS,2,9,401671623,10,41,false
"November 3, 2024",Week 9,Final,Jacksonville Jaguars,2-7,Philadelphia Eagles,6-2,"Lincoln Financial Field, Philadelphia, PA, USA",CBS,2,9,401671797,23,28,false
"November 3, 2024",Week 9,Final,Chicago Bears,4-4,Arizona Cardinals,5-4,"State Farm Stadium, Glendale, AZ, USA",CBS,2,9,401671661,9,29,false
"November 3, 2024",Week 9,Final,Detroit Lions,7-1,Green Bay Packers,6-3,"Lambeau Field, Green Bay, WI, USA",FOX,2,9,401671767,24,14,false
"November 3, 2024",Week 9,Final,Los Angeles Rams,4-4,Seattle Seahawks,4-5,"Lumen Field, Seattle, WA, USA",FOX,2,9,401671776,26,20,true
"November 3, 2024",Week 9,Final,Indianapolis Colts,4-5,Minnesota Vikings,6-2,"U.S. Bank Stadium, Minneapolis, MN, USA",NBC/Peacock,2,9,401671647,13,21,false
"November 4, 2024",Week 9,Final,Tampa Bay Buccaneers,4-5,Kansas City Chiefs,8-0,"GEHA Field at Arrowhead Stadium, Kansas City, MO, USA",ESPN/ABC,2,9,401671688,24,30,true
"November 7, 2024",Week 10,Final,Cincinnati Bengals,4-6,Baltimore Ravens,7-3,"M&T Bank Stadium, Baltimore, MD, USA",Prime Video,2,10,401671810,34,35,false
"November 10, 2024",Week 10,Final,New York Giants,2-8,Carolina Panthers,3-7,"Allianz Arena, Munich, None, Germany",NFL Net,2,10,401671803,17,20,true
"November 10, 2024",Week 10,Final,New England Patriots,3-7,Chicago Bears,4-5,"Soldier Field, Chicago, IL, USA",FOX,2,10,401671873,19,3,false
"November 10, 2024",Week 10,Final,Buffalo Bills,8-2,Indianapolis Colts,4-6,"Lucas Oil Stadium, Indianapolis, IN, USA",CBS,2,10,401671863,30,20,false
"November 10, 2024",Week 10,Final,Denver Broncos,5-5,Kansas City Chiefs,9-0,"GEHA Field at Arrowhead Stadium, Kansas City, MO, USA",CBS,2,10,401671637,14,16,false
"November 10, 2024",Week 10,Final,Atlanta Falcons,6-4,New Orleans Saints,3-7,"Caesars Superdome, New Orleans, LA, USA",FOX,2,10,401671733,17,20,false
"November 10, 2024",Week 10,Final,San Francisco 49ers,5-4,Tampa Bay Buccaneers,4-6,"Raymond James Stadium, Tampa, FL, USA",FOX,2,10,401671742,23,20,false
"November 10, 2024",Week 10,Final,Pittsburgh Steelers,7-2,Washington Commanders,7-3,"Northwest Stadium, Landover, MD, USA",CBS,2,10,401671641,28,27,false
"November 10, 2024",Week 10,Final,Minnesota Vikings,7-2,Jacksonville Jaguars,2-8,"EverBank Stadium, Jacksonville, FL, USA",FOX,2,10,401671708,12,7,false
"November 10, 2024",Week 10,Final,Tennessee Titans,2-7,Los Angeles Chargers,6-3,"SoFi Stadium, Inglewood, CA, USA",FOX,2,10,401671751,17,27,false
"November 10, 2024",Week 10,Final,Philadelphia Eagles,7-2,Dallas Cowboys,3-6,"AT&T Stadium, Arlington, TX, USA",CBS,2,10,401671676,34,6,false
"November 10, 2024",Week 10,Final,New York Jets,3-7,Arizona Cardinals,6-4,"State Farm Stadium, Glendale, AZ, USA",CBS,2,10,401671678,6,31,false
"November 10, 2024",Week 10,Final,Detroit Lions,8-1,Houston Texans,6-4,"NRG Stadium, Houston, TX, USA",NBC/Peacock,2,10,401671787,26,23,false
"November 11, 2024",Week 10,Final,Miami Dolphins,3-6,Los Angeles Rams,4-5,"SoFi Stadium, Inglewood, CA, USA",ESPN,2,10,401671693,23,15,false
"November 14, 2024",Week 11,Final,Washington Commanders,7-4,Philadelphia Eagles,8-2,"Lincoln Financial Field, Philadelphia, PA, USA",Prime Video,2,11,401671813,18,26,false
"November 17, 2024",Week 11,Final,Green Bay Packers,7-3,Chicago Bears,4-6,"Soldier Field, Chicago, IL, USA",FOX,2,11,401671869,20,19,false
"November 17, 2024",Week 11,Final,Jacksonville Jaguars,2-9,Detroit Lions,9-1,"Ford Field, Detroit, MI, USA",CBS,2,11,401671642,6,52,false
"November 17, 2024",Week 11,Final,Minnesota Vikings,8-2,Tennessee Titans,2-8,"Nissan Stadium, Nashville, TN, USA",CBS,2,11,401671824,23,13,false
"November 17, 2024",Week 11,Final,Las Vegas Raiders,2-8,Miami Dolphins,4-6,"Hard Rock Stadium, Miami Gardens, FL, USA",CBS,2,11,401671851,19,34,false
"November 17, 2024",Week 11,Final,Los Angeles Rams,5-5,New England Patriots,3-8,"Gillette Stadium, Foxborough, MA, USA",FOX,2,11,401671701,28,22,false
"November 17, 2024",Week 11,Final,Cleveland Browns,2-8,New Orleans Saints,4-7,"Caesars Superdome, New Orleans, LA, USA",FOX,2,11,401671746,14,35,false
"November 17, 2024",Week 11,Final,Indianapolis Colts,5-6,New York Jets,3-8,"MetLife Stadium, East Rutherford, NJ, USA",CBS,2,11,401671782,28,27,false
"November 17, 2024",Week 11,Final,Baltimore Ravens,7-4,Pittsburgh Steelers,8-2,"Acrisure Stadium, Pittsburgh, PA, USA",CBS,2,11,401671630,16,18,false
"November 17, 2024",Week 11,Final,Atlanta Falcons,6-5,Denver Broncos,6-5,"Empower Field at Mile High, Denver, CO, USA",FOX,2,11,401671748,6,38,false
"November 17, 2024",Week 11,Final,Seattle Seahawks,5-5,San Francisco 49ers,5-5,"Levi's Stadium, Santa Clara, CA, USA",FOX,2,11,401671757,20,17,false
"November 17, 2024",Week 11,Final,Kansas City Chiefs,9-1,Buffalo Bills,9-2,"Highmark Stadium, Orchard Park, NY, USA",CBS,2,11,401671665,21,30,false
"November 17, 2024",Week 11,Final,Cincinnati Bengals,4-7,Los Angeles Chargers,7-3,"SoFi Stadium, Inglewood, CA, USA",NBC/Peacock,2,11,401671675,27,34,false
"November 18, 2024",Week 11,Final,Houston Texans,7-4,Dallas Cowboys,3-7,"AT&T Stadium, Arlington, TX, USA",ESPN/ABC,2,11,401671694,34,10,false
"November 21, 2024",Week 12,Final,Pittsburgh Steelers,8-3,Cleveland Browns,3-8,"Huntington Bank Field, Cleveland, OH, USA",Prime Video,2,12,401671875,19,24,false
"November 24, 2024",Week 12,Final,Minnesota Vikings,9-2,Chicago Bears,4-7,"Soldier Field, Chicago, IL, USA",FOX,2,12,401671870,30,27,true
"November 24, 2024",Week 12,Final,Detroit Lions,10-1,Indianapolis Colts,5-7,"Lucas Oil Stadium, Indianapolis, IN, USA",FOX,2,12,401671866,24,6,false
"November 24, 2024",Week 12,Final,New England Patriots,3-9,Miami Dolphins,5-6,"Hard Rock Stadium, Miami Gardens, FL, USA",CBS,2,12,401671847,15,34,false
"November 24, 2024",Week 12,Final,Tampa Bay Buccaneers,5-6,New York Giants,2-9,"MetLife Stadium, East Rutherford, NJ, USA",CBS,2,12,401671638,30,7,false
"November 24, 2024",Week 12,Final,Dallas Cowboys,4-7,Washington Commanders,7-5,"Northwest Stadium, Landover, MD, USA",FOX,2,12,401671715,34,26,false
"November 24, 2024",Week 12,Final,Kansas City Chiefs,10-1,Carolina Panthers,3-8,"Bank of America Stadium, Charlotte, NC, USA",CBS,2,12,401671651,30,27,false
"November 24, 2024",Week 12,Final,Tennessee Titans,3-8,Houston Texans,7-5,"NRG Stadium, Houston, TX, USA",CBS,2,12,401671858,32,27,false
"November 24, 2024",Week 12,Final,Denver Broncos,7-5,Las Vegas Raiders,2-9,"Allegiant Stadium, Las Vegas, NV, USA",CBS,2,12,401671656,29,19,false
"November 24, 2024",Week 12,Final,San Francisco 49ers,5-6,Green Bay Packers,8-3,"Lambeau Field, Green Bay, WI, USA",FOX,2,12,401671768,10,38,false
"November 24, 2024",Week 12,Final,Arizona Cardinals,6-5,Seattle Seahawks,6-5,"Lumen Field, Seattle, WA, USA",FOX,2,12,401671775,6,16,false
"November 24, 2024",Week 12,Final,Philadelphia Eagles,9-2,Los Angeles Rams,5-6,"SoFi Stadium, Inglewood, CA, USA",NBC/Peacock,2,12,401671794,37,20,false
"November 25, 2024",Week 12,Final,Baltimore Ravens,8-4,Los Angeles Chargers,7-4,"SoFi Stadium, Inglewood, CA, USA",ESPN/ABC,2,12,401671689,30,23,false
"November 28, 2024",Week 13,Final,Chicago Bears,4-8,Detroit Lions,11-1,"Ford Field, Detroit, MI, USA",CBS,2,13,401671492,20,23,false
"November 28, 2024",Week 13,Final,New York Giants,2-10,Dallas Cowboys,5-7,"AT&T Stadium, Arlington, TX, USA",FOX,2,13,401671779,20,27,false
"November 28, 2024",Week 13,Final,Miami Dolphins,5-7,Green Bay Packers,9-3,"Lambeau Field, Green Bay, WI, USA",NBC/Peacock/Universo,2,13,401671798,17,30,false
"November 29, 2024",Week 13,Final,Las Vegas Raiders,2-10,Kansas City Chiefs,11-1,"GEHA Field at Arrowhead Stadium, Kansas City, MO, USA",Prime Video,2,13,401671806,17,19,false
"December 1, 2024",Week 13,Final,Los Angeles Chargers,8-4,Atlanta Falcons,6-6,"Mercedes-Benz Stadium, Atlanta, GA, USA",CBS,2,13,401671649,17,13,false
"December 1, 2024",Week 13,Final,Pittsburgh Steelers,9-3,Cincinnati Bengals,4-8,"Paycor Stadium, Cincinnati, OH, USA",CBS,2,13,401671627,44,38,false
"December 1, 2024",Week 13,Final,Arizona Cardinals,6-6,Minnesota Vikings,10-2,"U.S. Bank Stadium, Minneapolis, MN, USA",FOX,2,13,401671726,22,23,false
"December 1, 2024",Week 13,Final,Indianapolis Colts,6-7,New England Patriots,3-10,"Gillette Stadium, Foxborough, MA, USA",CBS,2,13,401671620,25,24,false
"December 1, 2024",Week 13,Final,Seattle Seahawks,7-5,New York Jets,3-9,"MetLife Stadium, East Rutherford, NJ, USA",FOX,2,13,401671703,26,21,false
"December 1, 2024",Week 13,Final,Tennessee Titans,3-9,Washington Commanders,8-5,"Northwest Stadium, Landover, MD, USA",CBS,2,13,401671743,19,42,false
"December 1, 2024",Week 13,Final,Houston Texans,8-5,Jacksonville Jaguars,2-10,"EverBank Stadium, Jacksonville, FL, USA",FOX,2,13,401671705,23,20,false
"December 1, 2024",Week 13,Final,Los Angeles Rams,6-6,New Orleans Saints,4-8,"Caesars Superdome, New Orleans, LA, USA",FOX,2,13,401671753,21,14,false
"December 1, 2024",Week 13,Final,Tampa Bay Buccaneers,6-6,Carolina Panthers,3-9,"Bank of America Stadium, Charlotte, NC, USA",FOX,2,13,401671752,26,23,true
"December 1, 2024",Week 13,Final,Philadelphia Eagles,10-2,Baltimore Ravens,8-5,"M&T Bank Stadium, Baltimore, MD, USA",CBS,2,13,401671666,24,19,false
"December 1, 2024",Week 13,Final,San Francisco 49ers,5-7,Buffalo Bills,10-2,"Highmark Stadium, Orchard Park, NY, USA",NBC/Peacock,2,13,401671781,10,35,false
"December 2, 2024",Week 13,Final,Cleveland Browns,3-9,Denver Broncos,8-5,"Empower Field at Mile High, Denver, CO, USA",ESPN,2,13,401671686,32,41,false
"December 5, 2024",Week 14,Final,Green Bay Packers,9-4,Detroit Lions,12-1,"Ford Field, Detroit, MI, USA",Prime Video,2,14,401671814,31,34,false
"December 8, 2024",Week 14,Final,Jacksonville Jaguars,3-10,Tennessee Titans,3-10,"Nissan Stadium, Nashville, TN, USA",CBS,2,14,401671821,10,6,false
"December 8, 2024",Week 14,Final,New York Jets,3-10,Miami Dolphins,6-7,"Hard Rock Stadium, Miami Gardens, FL, USA",CBS,2,14,401671848,26,32,true
"December 8, 2024",Week 14,Final,Atlanta Falcons,6-7,Minnesota Vikings,11-2,"U.S. Bank Stadium, Minneapolis, MN, USA",FOX,2,14,401671648,21,42,false
"December 8, 2024",Week 14,Final,New Orleans Saints,5-8,New York Giants,2-11,"MetLife Stadium, East Rutherford, NJ, USA",FOX,2,14,401671601,14,11,false
"December 8, 2024",Week 14,Final,Carolina Panthers,3-10,Philadelphia Eagles,11-2,"Lincoln Financial Field, Philadelphia, PA, USA",FOX,2,14,401671713,16,22,false
"December 8, 2024",Week 14,Final,Cleveland Browns,3-10,Pittsburgh Steelers,10-3,"Acrisure Stadium, Pittsburgh, PA, USA",CBS,2,14,401671631,14,27,false
"December 8, 2024",Week 14,Final,Las Vegas Raiders,2-11,Tampa Bay Buccaneers,7-6,"Raymond James Stadium, Tampa, FL, USA",CBS,2,14,401671654,13,28,false
"December 8, 2024",Week 14,Final,Seattle Seahawks,8-5,Arizona Cardinals,6-7,"State Farm Stadium, Glendale, AZ, USA",CBS,2,14,401671660,30,18,false
"December 8, 2024",Week 14,Final,Buffalo Bills,10-3,Los Angeles Rams,7-6,"SoFi Stadium, Inglewood, CA, USA",FOX,2,14,401671773,42,44,false
"December 8, 2024",Week 14,Final,Chicago Bears,4-9,San Francisco 49ers,6-7,"Levi's Stadium, Santa Clara, CA, USA",FOX,2,14,401671774,13,38,false
"December 8, 2024",Week 14,Final,Los Angeles Chargers,8-5,Kansas City Chiefs,12-1,"GEHA Field at Arrowhead Stadium, Kansas City, MO, USA",NBC/Peacock,2,14,401671788,17,19,false
"December 9, 2024",Week 14,Final,Cincinnati Bengals,5-8,Dallas Cowboys,5-8,"AT&T Stadium, Arlington, TX, USA",ESPN/ABC/ESPN+,2,14,401671690,27,20,false
"December 12, 2024",Week 15,Final,Los Angeles Rams,8-6,San Francisco 49ers,6-8,"Levi's Stadium, Santa Clara, CA, USA",Prime Video,2,15,401671818,12,6,false
"December 15, 2024",Week 15,Final,Kansas City Chiefs,13-1,Cleveland Browns,3-11,"Huntington Bank Field, Cleveland, OH, USA",CBS,2,15,401671854,21,7,false
"December 15, 2024",Week 15,Final,Cincinnati Bengals,6-8,Tennessee Titans,3-11,"Nissan Stadium, Nashville, TN, USA",FOX,2,15,401671825,37,27,false
"December 15, 2024",Week 15,Final,Washington Commanders,9-5,New Orleans Saints,5-9,"Caesars Superdome, New Orleans, LA, USA",FOX,2,15,401671737,20,19,false
"December 15, 2024",Week 15,Final,Baltimore Ravens,9-5,New York Giants,2-12,"MetLife Stadium, East Rutherford, NJ, USA",CBS,2,15,401671639,35,14,false
"December 15, 2024",Week 15,Final,Dallas Cowboys,6-8,Carolina Panthers,3-11,"Bank of America Stadium, Charlotte, NC, USA",FOX,2,15,401671731,30,14,false
"December 15, 2024",Week 15,Final,New York Jets,4-10,Jacksonville Jaguars,3-11,"EverBank Stadium, Jacksonville, FL, USA",FOX,2,15,401671706,32,25,false
"December 15, 2024",Week 15,Final,Miami Dolphins,6-8,Houston Texans,9-5,"NRG Stadium, Houston, TX, USA",CBS,2,15,401671860,12,20,false
"December 15, 2024",Week 15,Final,Indianapolis Colts,6-8,Denver Broncos,9-5,"Empower Field at Mile High, Denver, CO, USA",CBS,2,15,401671669,13,31,false
"December 15, 2024",Week 15,Final,Buffalo Bills,11-3,Detroit Lions,12-2,"Ford Field, Detroit, MI, USA",CBS,2,15,401671681,48,42,false
"December 15, 2024",Week 15,Final,Pittsburgh Steelers,10-4,Philadelphia Eagles,12-2,"Lincoln Financial Field, Philadelphia, PA, USA",FOX,2,15,401671766,13,27,false
"December 15, 2024",Week 15,Final,New England Patriots,3-11,Arizona Cardinals,7-7,"State Farm Stadium, Glendale, AZ, USA",CBS,2,15,401671677,17,30,false
"December 15, 2024",Week 15,Final,Tampa Bay Buccaneers,8-6,Los Angeles Chargers,8-6,"SoFi Stadium, Inglewood, CA, USA",FOX,2,15,401671762,40,17,false
"December 15, 2024",Week 15,Final,Green Bay Packers,10-4,Seattle Seahawks,8-6,"Lumen Field, Seattle, WA, USA",NBC/Peacock,2,15,401671796,30,13,false
"December 16, 2024",Week 15,Final,Chicago Bears,4-10,Minnesota Vikings,12-2,"U.S. Bank Stadium, Minneapolis, MN, USA",ABC/ESPN+,2,15,401671489,12,30,false
"December 16, 2024",Week 15,Final,Atlanta Falcons,7-7,Las Vegas Raiders,2-12,"Allegiant Stadium, Las Vegas, NV, USA",ESPN,2,15,401671697,15,9,false
"December 19, 2024",Week 16,Final,Denver Broncos,9-6,Los Angeles Chargers,9-6,"SoFi Stadium, Inglewood, CA, USA",Prime Video,2,16,401671749,27,34,false
"December 21, 2024",Week 16,Final,Houston Texans,9-6,Kansas City Chiefs,14-1,"GEHA Field at Arrowhead Stadium, Kansas City, MO, USA",NBC/Peacock,2,16,401671780,19,27,false
"December 21, 2024",Week 16,Final,Pittsburgh Steelers,10-5,Baltimore Ravens,10-5,"M&T Bank Stadium, Baltimore, MD, USA",FOX,2,16,401671778,17,34,false
"December 22, 2024",Week 16,Final,New York Giants,2-13,Atlanta Falcons,8-7,"Mercedes-Benz Stadium, Atlanta, GA, USA",FOX,2,16,401671729,7,34,false
"December 22, 2024",Week 16,Final,Detroit Lions,13-2,Chicago Bears,4-11,"Soldier Field, Chicago, IL, USA",FOX,2,16,401671868,34,17,false
"December 22, 2024",Week 16,Final,Cleveland Browns,3-12,Cincinnati Bengals,7-8,"Paycor Stadium, Cincinnati, OH, USA",CBS,2,16,401671811,6,24,false
"December 22, 2024",Week 16,Final,Tennessee Titans,3-12,Indianapolis Colts,7-8,"Lucas Oil Stadium, Indianapolis, IN, USA",CBS,2,16,401671862,30,38,false
"December 22, 2024",Week 16,Final,Los Angeles Rams,9-6,New York Jets,4-11,"MetLife Stadium, East Rutherford, NJ, USA",CBS,2,16,401671621,19,9,false
"December 22, 2024",Week 16,Final,Philadelphia Eagles,12-3,Washington Commanders,10-5,"Northwest Stadium, Landover, MD, USA",FOX,2,16,401671717,33,36,false
"December 22, 2024",Week 16,Final,Arizona Cardinals,7-8,Carolina Panthers,4-11,"Bank of America Stadium, Charlotte, NC, USA",FOX,2,16,401671732,30,36,true
"December 22, 2024",Week 16,Final,Minnesota Vikings,13-2,Seattle Seahawks,8-7,"Lumen Field, Seattle, WA, USA",FOX,2,16,401671759,27,24,false
"December 22, 2024",Week 16,Final,New England Patriots,3-12,Buffalo Bills,12-3,"Highmark Stadium, Orchard Park, NY, USA",CBS,2,16,401671494,21,24,false
"December 22, 2024",Week 16,Final,Jacksonville Jaguars,3-12,Las Vegas Raiders,3-12,"Allegiant Stadium, Las Vegas, NV, USA",CBS,2,16,401671673,14,19,false
"December 22, 2024",Week 16,Final,San Francisco 49ers,6-9,Miami Dolphins,7-8,"Hard Rock Stadium, Miami Gardens, FL, USA",CBS,2,16,401671874,17,29,false
"December 22, 2024",Week 16,Final,Tampa Bay Buccaneers,8-7,Dallas Cowboys,7-8,"AT&T Stadium, Arlington, TX, USA",NBC/Peacock,2,16,401671790,24,26,false
"December 23, 2024",Week 16,Final,New Orleans Saints,5-10,Green Bay Packers,11-4,"Lambeau Field, Green Bay, WI, USA",ESPN/ABC,2,16,401671692,0,34,false
"December 25, 2024",Week 17,Final,Kansas City Chiefs,15-1,Pittsburgh Steelers,10-6,"Acrisure Stadium, Pittsburgh, PA, USA",Netflix,2,17,401671799,29,10,false
"December 25, 2024",Week 17,Final,Baltimore Ravens,11-5,Houston Texans,9-7,"NRG Stadium, Houston, TX, USA",Netflix,2,17,401671800,31,2,false
"December 26, 2024",Week 17,Final,Seattle Seahawks,9-7,Chicago Bears,4-12,"Soldier Field, Chicago, IL, USA",Prime Video,2,17,401671876,6,3,false
"December 28, 2024",Week 17,Final,Los Angeles Chargers,10-6,New England Patriots,3-13,"Gillette Stadium, Foxborough, MA, USA",NFL Net,2,17,401671832,40,7,false
"December 28, 2024",Week 17,Final,Denver Broncos,9-7,Cincinnati Bengals,8-8,"Paycor Stadium, Cincinnati, OH, USA",NFL Net,2,17,401671835,24,30,true
"December 28, 2024",Week 17,Final,Arizona Cardinals,7-9,Los Angeles Rams,10-6,"SoFi Stadium, Inglewood, CA, USA",NFL Net,2,17,401671829,9,13,false
"December 29, 2024",Week 17,Final,New York Jets,4-12,Buffalo Bills,13-3,"Highmark Stadium, Orchard Park, NY, USA",CBS,2,17,401671495,14,40,false
"December 29, 2024",Week 17,Final,Las Vegas Raiders,4-12,New Orleans Saints,5-11,"Caesars Superdome, New Orleans, LA, USA",FOX,2,17,401671738,25,10,false
"December 29, 2024",Week 17,Final,Indianapolis Colts,7-9,New York Giants,3-13,"MetLife Stadium, East Rutherford, NJ, USA",FOX,2,17,401671846,33,45,false
"December 29, 2024",Week 17,Final,Dallas Cowboys,7-9,Philadelphia Eagles,13-3,"Lincoln Financial Field, Philadelphia, PA, USA",FOX,2,17,401671765,7,41,false
"December 29, 2024",Week 17,Final,Carolina Panthers,4-12,Tampa Bay Buccaneers,9-7,"Raymond James Stadium, Tampa, FL, USA",CBS,2,17,401671653,14,48,false
"December 29, 2024",Week 17,Final,Tennessee Titans,3-13,Jacksonville Jaguars,4-12,"EverBank Stadium, Jacksonville, FL, USA",CBS,2,17,401671634,13,20,false
"December 29, 2024",Week 17,Final,Miami Dolphins,8-8,Cleveland Browns,3-13,"Huntington Bank Field, Cleveland, OH, USA",CBS,2,17,401671877,20,3,false
"December 29, 2024",Week 17,Final,Green Bay Packers,11-5,Minnesota Vikings,14-2,"U.S. Bank Stadium, Minneapolis, MN, USA",FOX,2,17,401671725,25,27,false
"December 29, 2024",Week 17,Final,Atlanta Falcons,8-8,Washington Commanders,11-5,"Northwest Stadium, Landover, MD, USA",NBC/Peacock,2,17,401671842,24,30,true
"December 30, 2024",Week 17,Final,Detroit Lions,14-2,San Francisco 49ers,6-10,"Levi's Stadium, Santa Clara, CA, USA",ESPN/ABC/ESPN+,2,17,401671698,40,34,false
"January 4, 2025",Week 18,Final,Cleveland Browns,3-14,Baltimore Ravens,12-5,"M&T Bank Stadium, Baltimore, MD, USA",ESPN/ABC/ESPN+,2,18,401671834,10,35,false
"January 4, 2025",Week 18,Final,Cincinnati Bengals,9-8,Pittsburgh Steelers,10-7,"Acrisure Stadium, Pittsburgh, PA, USA",ESPN/ABC/ESPN+,2,18,401671836,19,17,false
"January 5, 2025",Week 18,Final,Carolina Panthers,5-12,Atlanta Falcons,8-9,"Mercedes-Benz Stadium, Atlanta, GA, USA",CBS,2,18,401671827,44,38,true
"January 5, 2025",Week 18,Final,Washington Commanders,12-5,Dallas Cowboys,7-10,"AT&T Stadium, Arlington, TX, USA",FOX,2,18,401671840,23,19,false
"January 5, 2025",Week 18,Final,Chicago Bears,5-12,Green Bay Packers,11-6,"Lambeau Field, Green Bay, WI, USA",FOX,2,18,401671844,24,22,false
"January 5, 2025",Week 18,Final,Houston Texans,10-7,Tennessee Titans,3-14,"Nissan Stadium, Nashville, TN, USA",CBS,2,18,401671826,23,14,false
"January 5, 2025",Week 18,Final,Jacksonville Jaguars,4-13,Indianapolis Colts,8-9,"Lucas Oil Stadium, Indianapolis, IN, USA",FOX,2,18,401671837,23,26,true
"January 5, 2025",Week 18,Final,Buffalo Bills,13-4,New England Patriots,4-13,"Gillette Stadium, Foxborough, MA, USA",CBS,2,18,401671831,16,23,false
"January 5, 2025",Week 18,Final,New York Giants,3-14,Philadelphia Eagles,14-3,"Lincoln Financial Field, Philadelphia, PA, USA",CBS,2,18,401671841,13,20,false
"January 5, 2025",Week 18,Final,New Orleans Saints,5-12,Tampa Bay Buccaneers,10-7,"Raymond James Stadium, Tampa, FL, USA",FOX,2,18,401671828,19,27,false
"January 5, 2025",Week 18,Final,Kansas City Chiefs,15-2,Denver Broncos,10-7,"Empower Field at Mile High, Denver, CO, USA",CBS,2,18,401671838,0,38,false
"January 5, 2025",Week 18,Final,Los Angeles Chargers,11-6,Las Vegas Raiders,4-13,"Allegiant Stadium, Las Vegas, NV, USA",CBS,2,18,401671839,34,20,false
"January 5, 2025",Week 18,Final,Seattle Seahawks,10-7,Los Angeles Rams,10-7,"SoFi Stadium, Inglewood, CA, USA",FOX,2,18,401671830,30,25,false
"January 5, 2025",Week 18,Final,Miami Dolphins,8-9,New York Jets,5-12,"MetLife Stadium, East Rutherford, NJ, USA",FOX,2,18,401671833,20,32,false
"January 5, 2025",Week 18,Final,San Francisco 49ers,6-11,Arizona Cardinals,8-9,"State Farm Stadium, Glendale, AZ, USA",FOX,2,18,401671845,24,47,false
"January 5, 2025",Week 18,Final,Minnesota Vikings,14-3,Detroit Lions,15-2,"Ford Field, Detroit, MI, USA",NBC/Peacock,2,18,401671843,9,31,false
"January 11, 2025",Wild Card Round,Final,Los Angeles Chargers,11-6,Houston Texans,10-7,"NRG Stadium, Houston, TX, USA",CBS/Paramount+,3,1,401671878,12,32,false
"January 11, 2025",Wild Card Round,Final,Pittsburgh Steelers,10-7,Baltimore Ravens,12-5,"M&T Bank Stadium, Baltimore, MD, USA",Prime Video,3,1,401671879,14,28,false
"January 12, 2025",Wild Card Round,Final,Denver Broncos,10-7,Buffalo Bills,13-4,"Highmark Stadium, Orchard Park, NY, USA",CBS/Paramount+,3,1,401671881,7,31,false
"January 12, 2025",Wild Card Round,Final,Green Bay Packers,11-6,Philadelphia Eagles,14-3,"Lincoln Financial Field, Philadelphia, PA, USA",FOX,3,1,401671880,10,22,false
"January 12, 2025",Wild Card Round,Final,Washington Commanders,12-5,Tampa Bay Buccaneers,10-7,"Raymond James Stadium, Tampa, FL, USA",NBC/Peacock,3,1,401671883,23,20,false
"January 13, 2025",Wild Card Round,Final,Minnesota Vikings,14-3,Los Angeles Rams,10-7,"State Farm Stadium, Glendale, AZ, USA",ESPN/ABC/ESPN+,3,1,401671882,9,27,false
"January 18, 2025",Divisional Round,Final,Houston Texans,10-7,Kansas City Chiefs,15-2,"GEHA Field at Arrowhead Stadium, Kansas City, MO, USA",ESPN/ABC/ESPN+,3,2,401671884,14,23,false
"January 18, 2025",Divisional Round,Final,Washington Commanders,12-5,Detroit Lions,15-2,"Ford Field, Detroit, MI, USA",FOX,3,2,401671885,45,31,false
"January 19, 2025",Divisional Round,Final,Los Angeles Rams,10-7,Philadelphia Eagles,14-3,"Lincoln Financial Field, Philadelphia, PA, USA",NBC/Peacock,3,2,401671937,22,28,false
"January 19, 2025",Divisional Round,Final,Baltimore Ravens,12-5,Buffalo Bills,13-4,"Highmark Stadium, Orchard Park, NY, USA",CBS/Paramount+,3,2,401671886,25,27,false
"January 26, 2025",Conference Championships,Final,Washington Commanders,12-5,Philadelphia Eagles,14-3,"Lincoln Financial Field, Philadelphia, PA, USA",FOX,3,3,401671888,23,55,false
"January 26, 2025",Conference Championships,Final,Buffalo Bills,13-4,Kansas City Chiefs,15-2,"GEHA Field at Arrowhead Stadium, Kansas City, MO, USA",CBS/Paramount+,3,3,401671887,29,32,false
"February 9, 2025",Super Bowl,Final,Kansas City Chiefs,15-2,Philadelphia Eagles,14-3,"Caesars Superdome, New Orleans, LA, USA",FOX,3,5,401671889,22,40,false
